,resort,link,2017,2016,2015,2014,2013,2012,2011,2010,2009
0,Abondance,/northern-alps/abondance/,Data\Abondance_2017.csv,Data\Abondance_2016.csv,Data\Abondance_2015.csv,Data\Abondance_2014.csv,,Data\Abondance_2012.csv,Data\Abondance_2011.csv,,Data\Abondance_2009.csv
1,Abriès,/southern-alps/abries/,Data\Abriès_2017.csv,Data\Abriès_2016.csv,Data\Abriès_2015.csv,Data\Abriès_2014.csv,Data\Abriès_2013.csv,Data\Abriès_2012.csv,Data\Abriès_2011.csv,Data\Abriès_2010.csv,Data\Abriès_2009.csv
2,Aiguilles,/southern-alps/aiguilles/,Data\Aiguilles_2017.csv,Data\Aiguilles_2016.csv,Data\Aiguilles_2015.csv,Data\Aiguilles_2014.csv,Data\Aiguilles_2013.csv,Data\Aiguilles_2012.csv,Data\Aiguilles_2011.csv,Data\Aiguilles_2010.csv,Data\Aiguilles_2009.csv
3,Aillons Margeriaz,/northern-alps/les-aillons-margeriaz/,Data\Aillons Margeriaz_2017.csv,Data\Aillons Margeriaz_2016.csv,Data\Aillons Margeriaz_2015.csv,Data\Aillons Margeriaz_2014.csv,Data\Aillons Margeriaz_2013.csv,Data\Aillons Margeriaz_2012.csv,Data\Aillons Margeriaz_2011.csv,Data\Aillons Margeriaz_2010.csv,Data\Aillons Margeriaz_2009.csv
4,Albiez Montrond,/northern-alps/albiez-montrond/,Data\Albiez Montrond_2017.csv,Data\Albiez Montrond_2016.csv,Data\Albiez Montrond_2015.csv,Data\Albiez Montrond_2014.csv,Data\Albiez Montrond_2013.csv,Data\Albiez Montrond_2012.csv,Data\Albiez Montrond_2011.csv,Data\Albiez Montrond_2010.csv,Data\Albiez Montrond_2009.csv
5,Alpe d'Huez,/northern-alps/alpe-dhuez/,Data\Alpe d'Huez_2017.csv,Data\Alpe d'Huez_2016.csv,Data\Alpe d'Huez_2015.csv,Data\Alpe d'Huez_2014.csv,Data\Alpe d'Huez_2013.csv,Data\Alpe d'Huez_2012.csv,Data\Alpe d'Huez_2011.csv,Data\Alpe d'Huez_2010.csv,Data\Alpe d'Huez_2009.csv
6,Alpe du Grand Serre,/northern-alps/lalpe-du-grand-serre/,Data\Alpe du Grand Serre_2017.csv,Data\Alpe du Grand Serre_2016.csv,Data\Alpe du Grand Serre_2015.csv,Data\Alpe du Grand Serre_2014.csv,Data\Alpe du Grand Serre_2013.csv,Data\Alpe du Grand Serre_2012.csv,Data\Alpe du Grand Serre_2011.csv,,
7,Ancelle,/southern-alps/ancelle/,Data\Ancelle_2017.csv,Data\Ancelle_2016.csv,Data\Ancelle_2015.csv,Data\Ancelle_2014.csv,Data\Ancelle_2013.csv,Data\Ancelle_2012.csv,Data\Ancelle_2011.csv,Data\Ancelle_2010.csv,Data\Ancelle_2009.csv
8,Areches Beaufort,/northern-alps/areches-beaufort/,Data\Areches Beaufort_2017.csv,Data\Areches Beaufort_2016.csv,Data\Areches Beaufort_2015.csv,Data\Areches Beaufort_2014.csv,Data\Areches Beaufort_2013.csv,Data\Areches Beaufort_2012.csv,Data\Areches Beaufort_2011.csv,Data\Areches Beaufort_2010.csv,Data\Areches Beaufort_2009.csv
9,Artouste - Fabrèges,/pyrenees/artouste-fabreges/,Data\Artouste - Fabrèges_2017.csv,Data\Artouste - Fabrèges_2016.csv,Data\Artouste - Fabrèges_2015.csv,Data\Artouste - Fabrèges_2014.csv,Data\Artouste - Fabrèges_2013.csv,Data\Artouste - Fabrèges_2012.csv,Data\Artouste - Fabrèges_2011.csv,Data\Artouste - Fabrèges_2010.csv,Data\Artouste - Fabrèges_2009.csv
10,Arvieux,/southern-alps/arvieux/,Data\Arvieux_2017.csv,Data\Arvieux_2016.csv,Data\Arvieux_2015.csv,Data\Arvieux_2014.csv,Data\Arvieux_2013.csv,Data\Arvieux_2012.csv,Data\Arvieux_2011.csv,Data\Arvieux_2010.csv,Data\Arvieux_2009.csv
11,Ascou Pailhères,/pyrenees/ascou-pailheres/,Data\Ascou Pailhères_2017.csv,Data\Ascou Pailhères_2016.csv,Data\Ascou Pailhères_2015.csv,Data\Ascou Pailhères_2014.csv,Data\Ascou Pailhères_2013.csv,Data\Ascou Pailhères_2012.csv,Data\Ascou Pailhères_2011.csv,Data\Ascou Pailhères_2010.csv,Data\Ascou Pailhères_2009.csv
12,Auris en oisans,/northern-alps/auris-en-oisans/,Data\Auris en oisans_2017.csv,Data\Auris en oisans_2016.csv,Data\Auris en oisans_2015.csv,Data\Auris en oisans_2014.csv,Data\Auris en oisans_2013.csv,Data\Auris en oisans_2012.csv,Data\Auris en oisans_2011.csv,Data\Auris en oisans_2010.csv,Data\Auris en oisans_2009.csv
13,Auron,/southern-alps/auron/,Data\Auron_2017.csv,Data\Auron_2016.csv,Data\Auron_2015.csv,Data\Auron_2014.csv,Data\Auron_2013.csv,Data\Auron_2012.csv,Data\Auron_2011.csv,Data\Auron_2010.csv,Data\Auron_2009.csv
14,Aussois,/northern-alps/aussois/,Data\Aussois_2017.csv,Data\Aussois_2016.csv,Data\Aussois_2015.csv,Data\Aussois_2014.csv,Data\Aussois_2013.csv,Data\Aussois_2012.csv,Data\Aussois_2011.csv,Data\Aussois_2010.csv,Data\Aussois_2009.csv
15,Autrans,/northern-alps/autrans/,Data\Autrans_2017.csv,Data\Autrans_2016.csv,Data\Autrans_2015.csv,Data\Autrans_2014.csv,Data\Autrans_2013.csv,Data\Autrans_2012.csv,Data\Autrans_2011.csv,Data\Autrans_2010.csv,Data\Autrans_2009.csv
16,Avoriaz,/northern-alps/avoriaz/,Data\Avoriaz_2017.csv,Data\Avoriaz_2016.csv,Data\Avoriaz_2015.csv,Data\Avoriaz_2014.csv,Data\Avoriaz_2013.csv,Data\Avoriaz_2012.csv,Data\Avoriaz_2011.csv,Data\Avoriaz_2010.csv,Data\Avoriaz_2009.csv
17,Ax 3 Domaines,/pyrenees/ax-3-domaines/,Data\Ax 3 Domaines_2017.csv,Data\Ax 3 Domaines_2016.csv,Data\Ax 3 Domaines_2015.csv,Data\Ax 3 Domaines_2014.csv,Data\Ax 3 Domaines_2013.csv,Data\Ax 3 Domaines_2012.csv,Data\Ax 3 Domaines_2011.csv,Data\Ax 3 Domaines_2010.csv,Data\Ax 3 Domaines_2009.csv
18,Beille,/pyrenees/plateau-de-beille/,Data\Beille_2017.csv,Data\Beille_2016.csv,Data\Beille_2015.csv,Data\Beille_2014.csv,Data\Beille_2013.csv,Data\Beille_2012.csv,Data\Beille_2011.csv,Data\Beille_2010.csv,Data\Beille_2009.csv
19,Bellevaux - Hirmentaz,/northern-alps/bellevaux-hirmentaz/,Data\Bellevaux - Hirmentaz_2017.csv,Data\Bellevaux - Hirmentaz_2016.csv,Data\Bellevaux - Hirmentaz_2015.csv,Data\Bellevaux - Hirmentaz_2014.csv,Data\Bellevaux - Hirmentaz_2013.csv,Data\Bellevaux - Hirmentaz_2012.csv,,,
20,Bernex,/northern-alps/bernex/,Data\Bernex_2017.csv,Data\Bernex_2016.csv,Data\Bernex_2015.csv,Data\Bernex_2014.csv,Data\Bernex_2013.csv,Data\Bernex_2012.csv,Data\Bernex_2011.csv,Data\Bernex_2010.csv,Data\Bernex_2009.csv
21,Bessans,/northern-alps/bessans/,Data\Bessans_2017.csv,Data\Bessans_2016.csv,Data\Bessans_2015.csv,Data\Bessans_2014.csv,Data\Bessans_2013.csv,Data\Bessans_2012.csv,Data\Bessans_2011.csv,Data\Bessans_2010.csv,Data\Bessans_2009.csv
22,Besse Super Besse,/massif-central/besse-super-besse/,Data\Besse Super Besse_2017.csv,Data\Besse Super Besse_2016.csv,Data\Besse Super Besse_2015.csv,Data\Besse Super Besse_2014.csv,Data\Besse Super Besse_2013.csv,Data\Besse Super Besse_2012.csv,Data\Besse Super Besse_2011.csv,Data\Besse Super Besse_2010.csv,Data\Besse Super Besse_2009.csv
23,Beuil les Launes,/southern-alps/beuil-les-launes/,Data\Beuil les Launes_2017.csv,Data\Beuil les Launes_2016.csv,Data\Beuil les Launes_2015.csv,Data\Beuil les Launes_2014.csv,Data\Beuil les Launes_2013.csv,Data\Beuil les Launes_2012.csv,,Data\Beuil les Launes_2010.csv,Data\Beuil les Launes_2009.csv
24,Bolquère - Pyrénées 2000 ,/pyrenees/bolquere-pyrenees-2000/,Data\Bolquère - Pyrénées 2000 _2017.csv,Data\Bolquère - Pyrénées 2000 _2016.csv,Data\Bolquère - Pyrénées 2000 _2015.csv,Data\Bolquère - Pyrénées 2000 _2014.csv,,Data\Bolquère - Pyrénées 2000 _2012.csv,,,
25,Bonneval sur Arc,/northern-alps/bonneval-sur-arc/,Data\Bonneval sur Arc_2017.csv,Data\Bonneval sur Arc_2016.csv,Data\Bonneval sur Arc_2015.csv,Data\Bonneval sur Arc_2014.csv,Data\Bonneval sur Arc_2013.csv,Data\Bonneval sur Arc_2012.csv,Data\Bonneval sur Arc_2011.csv,Data\Bonneval sur Arc_2010.csv,Data\Bonneval sur Arc_2009.csv
26,Bramans,/northern-alps/bramans-val-dambin/,Data\Bramans_2017.csv,Data\Bramans_2016.csv,Data\Bramans_2015.csv,Data\Bramans_2014.csv,,,,Data\Bramans_2010.csv,
27,Brameloup,/massif-central/brameloup/,Data\Brameloup_2017.csv,Data\Brameloup_2016.csv,Data\Brameloup_2015.csv,,,,,,
28,Brides les Bains,/northern-alps/brides-les-bains/,Data\Brides les Bains_2017.csv,Data\Brides les Bains_2016.csv,Data\Brides les Bains_2015.csv,Data\Brides les Bains_2014.csv,,Data\Brides les Bains_2012.csv,Data\Brides les Bains_2011.csv,Data\Brides les Bains_2010.csv,
29,Bussang - Larcenaire,/vosges/bussang-larcenaire/,Data\Bussang - Larcenaire_2017.csv,Data\Bussang - Larcenaire_2016.csv,Data\Bussang - Larcenaire_2015.csv,Data\Bussang - Larcenaire_2014.csv,Data\Bussang - Larcenaire_2013.csv,Data\Bussang - Larcenaire_2012.csv,Data\Bussang - Larcenaire_2011.csv,Data\Bussang - Larcenaire_2010.csv,
30,Campan Payolle,/pyrenees/campan-payolle/,Data\Campan Payolle_2017.csv,,,,,Data\Campan Payolle_2012.csv,Data\Campan Payolle_2011.csv,,
31,Camurac,/pyrenees/camurac/,Data\Camurac_2017.csv,Data\Camurac_2016.csv,Data\Camurac_2015.csv,Data\Camurac_2014.csv,Data\Camurac_2013.csv,Data\Camurac_2012.csv,Data\Camurac_2011.csv,Data\Camurac_2010.csv,Data\Camurac_2009.csv
32,Cauterets,/pyrenees/cauterets/,Data\Cauterets_2017.csv,Data\Cauterets_2016.csv,Data\Cauterets_2015.csv,Data\Cauterets_2014.csv,Data\Cauterets_2013.csv,Data\Cauterets_2012.csv,Data\Cauterets_2011.csv,Data\Cauterets_2010.csv,Data\Cauterets_2009.csv
33,Ceillac,/southern-alps/ceillac/,Data\Ceillac_2017.csv,Data\Ceillac_2016.csv,Data\Ceillac_2015.csv,Data\Ceillac_2014.csv,Data\Ceillac_2013.csv,Data\Ceillac_2012.csv,Data\Ceillac_2011.csv,Data\Ceillac_2010.csv,Data\Ceillac_2009.csv
34,Céüze,/southern-alps/ceueze/,Data\Céüze_2017.csv,Data\Céüze_2016.csv,Data\Céüze_2015.csv,Data\Céüze_2014.csv,Data\Céüze_2013.csv,,,Data\Céüze_2010.csv,Data\Céüze_2009.csv
35,Chabanon,/southern-alps/chabanon/,Data\Chabanon_2017.csv,Data\Chabanon_2016.csv,Data\Chabanon_2015.csv,Data\Chabanon_2014.csv,Data\Chabanon_2013.csv,Data\Chabanon_2012.csv,,,Data\Chabanon_2009.csv
36,Chaillol,/southern-alps/chaillol/,Data\Chaillol_2017.csv,Data\Chaillol_2016.csv,Data\Chaillol_2015.csv,Data\Chaillol_2014.csv,Data\Chaillol_2013.csv,Data\Chaillol_2012.csv,Data\Chaillol_2011.csv,Data\Chaillol_2010.csv,Data\Chaillol_2009.csv
37,Chalmazel,/massif-central/chalmazel/,Data\Chalmazel_2017.csv,Data\Chalmazel_2016.csv,Data\Chalmazel_2015.csv,Data\Chalmazel_2014.csv,Data\Chalmazel_2013.csv,Data\Chalmazel_2012.csv,Data\Chalmazel_2011.csv,,Data\Chalmazel_2009.csv
38,Chamonix,/northern-alps/chamonix-mont-blanc/,Data\Chamonix_2017.csv,Data\Chamonix_2016.csv,Data\Chamonix_2015.csv,Data\Chamonix_2014.csv,Data\Chamonix_2013.csv,Data\Chamonix_2012.csv,Data\Chamonix_2011.csv,Data\Chamonix_2010.csv,Data\Chamonix_2009.csv
39,Champagny en Vanoise,/northern-alps/champagny-en-vanoise/,Data\Champagny en Vanoise_2017.csv,Data\Champagny en Vanoise_2016.csv,Data\Champagny en Vanoise_2015.csv,Data\Champagny en Vanoise_2014.csv,Data\Champagny en Vanoise_2013.csv,Data\Champagny en Vanoise_2012.csv,Data\Champagny en Vanoise_2011.csv,Data\Champagny en Vanoise_2010.csv,Data\Champagny en Vanoise_2009.csv
40,Chamrousse,/northern-alps/chamrousse/,Data\Chamrousse_2017.csv,Data\Chamrousse_2016.csv,Data\Chamrousse_2015.csv,Data\Chamrousse_2014.csv,Data\Chamrousse_2013.csv,Data\Chamrousse_2012.csv,Data\Chamrousse_2011.csv,Data\Chamrousse_2010.csv,
41,Chastreix Sancy,/massif-central/chastreix-sancy/,Data\Chastreix Sancy_2017.csv,Data\Chastreix Sancy_2016.csv,Data\Chastreix Sancy_2015.csv,Data\Chastreix Sancy_2014.csv,Data\Chastreix Sancy_2013.csv,Data\Chastreix Sancy_2012.csv,Data\Chastreix Sancy_2011.csv,Data\Chastreix Sancy_2010.csv,Data\Chastreix Sancy_2009.csv
42,Chatel,/northern-alps/chatel/,Data\Chatel_2017.csv,Data\Chatel_2016.csv,Data\Chatel_2015.csv,Data\Chatel_2014.csv,Data\Chatel_2013.csv,Data\Chatel_2012.csv,Data\Chatel_2011.csv,Data\Chatel_2010.csv,Data\Chatel_2009.csv
43,Col de l'Arzelier,/northern-alps/col-de-larzelier/,Data\Col de l'Arzelier_2017.csv,Data\Col de l'Arzelier_2016.csv,Data\Col de l'Arzelier_2015.csv,Data\Col de l'Arzelier_2014.csv,Data\Col de l'Arzelier_2013.csv,Data\Col de l'Arzelier_2012.csv,Data\Col de l'Arzelier_2011.csv,,
44,Col de Marcieu,/northern-alps/col-de-marcieu/,Data\Col de Marcieu_2017.csv,Data\Col de Marcieu_2016.csv,Data\Col de Marcieu_2015.csv,Data\Col de Marcieu_2014.csv,Data\Col de Marcieu_2013.csv,Data\Col de Marcieu_2012.csv,Data\Col de Marcieu_2011.csv,,
45,Col de Porte,/northern-alps/col-de-porte/,Data\Col de Porte_2017.csv,Data\Col de Porte_2016.csv,Data\Col de Porte_2015.csv,Data\Col de Porte_2014.csv,Data\Col de Porte_2013.csv,Data\Col de Porte_2012.csv,Data\Col de Porte_2011.csv,,
46,Col de Rousset,/northern-alps/col-de-rousset/,Data\Col de Rousset_2017.csv,Data\Col de Rousset_2016.csv,Data\Col de Rousset_2015.csv,Data\Col de Rousset_2014.csv,Data\Col de Rousset_2013.csv,Data\Col de Rousset_2012.csv,Data\Col de Rousset_2011.csv,Data\Col de Rousset_2010.csv,Data\Col de Rousset_2009.csv
47,Combloux,/northern-alps/combloux/,Data\Combloux_2017.csv,Data\Combloux_2016.csv,Data\Combloux_2015.csv,Data\Combloux_2014.csv,Data\Combloux_2013.csv,Data\Combloux_2012.csv,Data\Combloux_2011.csv,Data\Combloux_2010.csv,Data\Combloux_2009.csv
48,Cordon,/northern-alps/cordon/,Data\Cordon_2017.csv,Data\Cordon_2016.csv,Data\Cordon_2015.csv,Data\Cordon_2014.csv,Data\Cordon_2013.csv,Data\Cordon_2012.csv,Data\Cordon_2011.csv,Data\Cordon_2010.csv,Data\Cordon_2009.csv
49,Corrençon en Vercors,/northern-alps/correncon-en-vercors/,Data\Corrençon en Vercors_2017.csv,,Data\Corrençon en Vercors_2015.csv,Data\Corrençon en Vercors_2014.csv,Data\Corrençon en Vercors_2013.csv,Data\Corrençon en Vercors_2012.csv,Data\Corrençon en Vercors_2011.csv,,
50,Courchevel,/northern-alps/courchevel/,Data\Courchevel_2017.csv,Data\Courchevel_2016.csv,Data\Courchevel_2015.csv,Data\Courchevel_2014.csv,Data\Courchevel_2013.csv,Data\Courchevel_2012.csv,Data\Courchevel_2011.csv,Data\Courchevel_2010.csv,Data\Courchevel_2009.csv
51,Crest Voland Cohennoz,/northern-alps/crest-voland-cohennoz/,Data\Crest Voland Cohennoz_2017.csv,Data\Crest Voland Cohennoz_2016.csv,Data\Crest Voland Cohennoz_2015.csv,Data\Crest Voland Cohennoz_2014.csv,Data\Crest Voland Cohennoz_2013.csv,Data\Crest Voland Cohennoz_2012.csv,,,
52,Crévoux,/southern-alps/crevoux/,Data\Crévoux_2017.csv,Data\Crévoux_2016.csv,Data\Crévoux_2015.csv,Data\Crévoux_2014.csv,Data\Crévoux_2013.csv,Data\Crévoux_2012.csv,,Data\Crévoux_2010.csv,Data\Crévoux_2009.csv
53,Doucy,/northern-alps/doucy-combelouviere/,Data\Doucy_2017.csv,Data\Doucy_2016.csv,Data\Doucy_2015.csv,Data\Doucy_2014.csv,Data\Doucy_2013.csv,Data\Doucy_2012.csv,Data\Doucy_2011.csv,Data\Doucy_2010.csv,Data\Doucy_2009.csv
54,Espace Cambre D'Aze - Eyne,/pyrenees/espace-cambre-daze-eyne/,Data\Espace Cambre D'Aze - Eyne_2017.csv,Data\Espace Cambre D'Aze - Eyne_2016.csv,Data\Espace Cambre D'Aze - Eyne_2015.csv,Data\Espace Cambre D'Aze - Eyne_2014.csv,Data\Espace Cambre D'Aze - Eyne_2013.csv,Data\Espace Cambre D'Aze - Eyne_2012.csv,Data\Espace Cambre D'Aze - Eyne_2011.csv,Data\Espace Cambre D'Aze - Eyne_2010.csv,Data\Espace Cambre D'Aze - Eyne_2009.csv
55,Etang de Lers,/pyrenees/etang-de-lers/,Data\Etang de Lers_2017.csv,Data\Etang de Lers_2016.csv,Data\Etang de Lers_2015.csv,Data\Etang de Lers_2014.csv,Data\Etang de Lers_2013.csv,,,,
56,Flaine,/northern-alps/flaine/,Data\Flaine_2017.csv,Data\Flaine_2016.csv,Data\Flaine_2015.csv,Data\Flaine_2014.csv,Data\Flaine_2013.csv,Data\Flaine_2012.csv,Data\Flaine_2011.csv,Data\Flaine_2010.csv,Data\Flaine_2009.csv
57,Flumet - St Nicolas la Chapelle,/northern-alps/flumet-st-nicolas-la-chapelle/,Data\Flumet - St Nicolas la Chapelle_2017.csv,Data\Flumet - St Nicolas la Chapelle_2016.csv,Data\Flumet - St Nicolas la Chapelle_2015.csv,Data\Flumet - St Nicolas la Chapelle_2014.csv,Data\Flumet - St Nicolas la Chapelle_2013.csv,Data\Flumet - St Nicolas la Chapelle_2012.csv,Data\Flumet - St Nicolas la Chapelle_2011.csv,Data\Flumet - St Nicolas la Chapelle_2010.csv,Data\Flumet - St Nicolas la Chapelle_2009.csv
58,Font d'Urle,/northern-alps/font-durle/,Data\Font d'Urle_2017.csv,Data\Font d'Urle_2016.csv,Data\Font d'Urle_2015.csv,Data\Font d'Urle_2014.csv,Data\Font d'Urle_2013.csv,Data\Font d'Urle_2012.csv,Data\Font d'Urle_2011.csv,Data\Font d'Urle_2010.csv,Data\Font d'Urle_2009.csv
59,Font-Romeu - Pyrenees 2000,/pyrenees/font-romeu-pyrenees-2000/,Data\Font-Romeu - Pyrenees 2000_2017.csv,Data\Font-Romeu - Pyrenees 2000_2016.csv,Data\Font-Romeu - Pyrenees 2000_2015.csv,Data\Font-Romeu - Pyrenees 2000_2014.csv,Data\Font-Romeu - Pyrenees 2000_2013.csv,Data\Font-Romeu - Pyrenees 2000_2012.csv,Data\Font-Romeu - Pyrenees 2000_2011.csv,Data\Font-Romeu - Pyrenees 2000_2010.csv,Data\Font-Romeu - Pyrenees 2000_2009.csv
60,Formiguères,/pyrenees/formigueres/,Data\Formiguères_2017.csv,Data\Formiguères_2016.csv,Data\Formiguères_2015.csv,Data\Formiguères_2014.csv,Data\Formiguères_2013.csv,Data\Formiguères_2012.csv,Data\Formiguères_2011.csv,Data\Formiguères_2010.csv,Data\Formiguères_2009.csv
61,Gavarnie Gèdre,/pyrenees/gavarnie-gedre/,Data\Gavarnie Gèdre_2017.csv,Data\Gavarnie Gèdre_2016.csv,Data\Gavarnie Gèdre_2015.csv,Data\Gavarnie Gèdre_2014.csv,Data\Gavarnie Gèdre_2013.csv,Data\Gavarnie Gèdre_2012.csv,Data\Gavarnie Gèdre_2011.csv,Data\Gavarnie Gèdre_2010.csv,Data\Gavarnie Gèdre_2009.csv
62,Gérardmer,/vosges/gerardmer/,Data\Gérardmer_2017.csv,Data\Gérardmer_2016.csv,Data\Gérardmer_2015.csv,Data\Gérardmer_2014.csv,Data\Gérardmer_2013.csv,Data\Gérardmer_2012.csv,Data\Gérardmer_2011.csv,Data\Gérardmer_2010.csv,Data\Gérardmer_2009.csv
63,Ghisoni,/corse/ghisoni/,Data\Ghisoni_2017.csv,Data\Ghisoni_2016.csv,Data\Ghisoni_2015.csv,,,,,,
64,Goulier,/pyrenees/goulier/,Data\Goulier_2017.csv,Data\Goulier_2016.csv,Data\Goulier_2015.csv,Data\Goulier_2014.csv,Data\Goulier_2013.csv,Data\Goulier_2012.csv,Data\Goulier_2011.csv,Data\Goulier_2010.csv,Data\Goulier_2009.csv
65,Gourette,/pyrenees/gourette/,Data\Gourette_2017.csv,Data\Gourette_2016.csv,Data\Gourette_2015.csv,Data\Gourette_2014.csv,Data\Gourette_2013.csv,Data\Gourette_2012.csv,Data\Gourette_2011.csv,Data\Gourette_2010.csv,Data\Gourette_2009.csv
66,Gréolières les Neiges,/southern-alps/greolieres-audibergue/,Data\Gréolières les Neiges_2017.csv,Data\Gréolières les Neiges_2016.csv,Data\Gréolières les Neiges_2015.csv,,Data\Gréolières les Neiges_2013.csv,Data\Gréolières les Neiges_2012.csv,,Data\Gréolières les Neiges_2010.csv,
67,Gresse en Vercors,/northern-alps/gresse-en-vercors/,Data\Gresse en Vercors_2017.csv,Data\Gresse en Vercors_2016.csv,Data\Gresse en Vercors_2015.csv,Data\Gresse en Vercors_2014.csv,Data\Gresse en Vercors_2013.csv,Data\Gresse en Vercors_2012.csv,Data\Gresse en Vercors_2011.csv,Data\Gresse en Vercors_2010.csv,Data\Gresse en Vercors_2009.csv
68,Guzet,/pyrenees/guzet/,Data\Guzet_2017.csv,Data\Guzet_2016.csv,Data\Guzet_2015.csv,Data\Guzet_2014.csv,Data\Guzet_2013.csv,Data\Guzet_2012.csv,Data\Guzet_2011.csv,Data\Guzet_2010.csv,Data\Guzet_2009.csv
69,Hautacam,/pyrenees/hautacam/,Data\Hautacam_2017.csv,Data\Hautacam_2016.csv,Data\Hautacam_2015.csv,Data\Hautacam_2014.csv,Data\Hautacam_2013.csv,Data\Hautacam_2012.csv,Data\Hautacam_2011.csv,Data\Hautacam_2010.csv,
70,Hauteville-Lompnes,/jura/hauteville-lompnes/,Data\Hauteville-Lompnes_2017.csv,Data\Hauteville-Lompnes_2016.csv,,,,,,,
71,Isola 2000,/southern-alps/isola-2000/,Data\Isola 2000_2017.csv,Data\Isola 2000_2016.csv,Data\Isola 2000_2015.csv,Data\Isola 2000_2014.csv,Data\Isola 2000_2013.csv,Data\Isola 2000_2012.csv,Data\Isola 2000_2011.csv,Data\Isola 2000_2010.csv,Data\Isola 2000_2009.csv
72,La Bresse Brabant,/vosges/la-bresse-brabant/,Data\La Bresse Brabant_2017.csv,Data\La Bresse Brabant_2016.csv,Data\La Bresse Brabant_2015.csv,Data\La Bresse Brabant_2014.csv,Data\La Bresse Brabant_2013.csv,Data\La Bresse Brabant_2012.csv,,,
73,La Bresse - Hohneck,/vosges/la-bresse-hohneck/,Data\La Bresse - Hohneck_2017.csv,Data\La Bresse - Hohneck_2016.csv,Data\La Bresse - Hohneck_2015.csv,Data\La Bresse - Hohneck_2014.csv,Data\La Bresse - Hohneck_2013.csv,Data\La Bresse - Hohneck_2012.csv,Data\La Bresse - Hohneck_2011.csv,Data\La Bresse - Hohneck_2010.csv,Data\La Bresse - Hohneck_2009.csv
74,La Bresse Lispach,/vosges/la-bresse-lispach/,Data\La Bresse Lispach_2017.csv,Data\La Bresse Lispach_2016.csv,Data\La Bresse Lispach_2015.csv,Data\La Bresse Lispach_2014.csv,Data\La Bresse Lispach_2013.csv,Data\La Bresse Lispach_2012.csv,,,
75,La Chapelle d'Abondance,/northern-alps/la-chapelle-dabondance/,Data\La Chapelle d'Abondance_2017.csv,Data\La Chapelle d'Abondance_2016.csv,Data\La Chapelle d'Abondance_2015.csv,Data\La Chapelle d'Abondance_2014.csv,Data\La Chapelle d'Abondance_2013.csv,Data\La Chapelle d'Abondance_2012.csv,Data\La Chapelle d'Abondance_2011.csv,Data\La Chapelle d'Abondance_2010.csv,Data\La Chapelle d'Abondance_2009.csv
76,La Clusaz,/northern-alps/la-clusaz/,Data\La Clusaz_2017.csv,Data\La Clusaz_2016.csv,Data\La Clusaz_2015.csv,Data\La Clusaz_2014.csv,Data\La Clusaz_2013.csv,Data\La Clusaz_2012.csv,Data\La Clusaz_2011.csv,Data\La Clusaz_2010.csv,Data\La Clusaz_2009.csv
77,La Colmiane,/southern-alps/la-colmiane/,Data\La Colmiane_2017.csv,Data\La Colmiane_2016.csv,Data\La Colmiane_2015.csv,Data\La Colmiane_2014.csv,Data\La Colmiane_2013.csv,Data\La Colmiane_2012.csv,Data\La Colmiane_2011.csv,Data\La Colmiane_2010.csv,Data\La Colmiane_2009.csv
78,La Combe Saint Pierre,/jura/la-combe-saint-pierre/,Data\La Combe Saint Pierre_2017.csv,Data\La Combe Saint Pierre_2016.csv,,,,,,,
79,La Croix de Bauzon,/massif-central/la-croix-de-bauzon/,Data\La Croix de Bauzon_2017.csv,Data\La Croix de Bauzon_2016.csv,Data\La Croix de Bauzon_2015.csv,Data\La Croix de Bauzon_2014.csv,,,Data\La Croix de Bauzon_2011.csv,,
80,La Giettaz,/northern-alps/la-giettaz/,Data\La Giettaz_2017.csv,Data\La Giettaz_2016.csv,Data\La Giettaz_2015.csv,Data\La Giettaz_2014.csv,Data\La Giettaz_2013.csv,Data\La Giettaz_2012.csv,Data\La Giettaz_2011.csv,Data\La Giettaz_2010.csv,Data\La Giettaz_2009.csv
81,La Grave la Meije,/southern-alps/la-grave-la-meije/,Data\La Grave la Meije_2017.csv,Data\La Grave la Meije_2016.csv,Data\La Grave la Meije_2015.csv,Data\La Grave la Meije_2014.csv,Data\La Grave la Meije_2013.csv,Data\La Grave la Meije_2012.csv,Data\La Grave la Meije_2011.csv,Data\La Grave la Meije_2010.csv,Data\La Grave la Meije_2009.csv
82,Laguiole,/massif-central/laguiole/,Data\Laguiole_2017.csv,Data\Laguiole_2016.csv,Data\Laguiole_2015.csv,Data\Laguiole_2014.csv,,,,,
83,La Loge des Gardes,/massif-central/la-loge-des-gardes/,Data\La Loge des Gardes_2017.csv,Data\La Loge des Gardes_2016.csv,Data\La Loge des Gardes_2015.csv,Data\La Loge des Gardes_2014.csv,,Data\La Loge des Gardes_2012.csv,Data\La Loge des Gardes_2011.csv,Data\La Loge des Gardes_2010.csv,Data\La Loge des Gardes_2009.csv
84,Pralognan la Vanoise,/northern-alps/pralognan-la-vanoise/,Data\Pralognan la Vanoise_2017.csv,Data\Pralognan la Vanoise_2016.csv,Data\Pralognan la Vanoise_2015.csv,Data\Pralognan la Vanoise_2014.csv,Data\Pralognan la Vanoise_2013.csv,Data\Pralognan la Vanoise_2012.csv,Data\Pralognan la Vanoise_2011.csv,Data\Pralognan la Vanoise_2010.csv,Data\Pralognan la Vanoise_2009.csv
85,Praloup,/southern-alps/praloup/,Data\Praloup_2017.csv,Data\Praloup_2016.csv,Data\Praloup_2015.csv,Data\Praloup_2014.csv,Data\Praloup_2013.csv,Data\Praloup_2012.csv,Data\Praloup_2011.csv,Data\Praloup_2010.csv,Data\Praloup_2009.csv
86,Praz de Lys Sommand,/northern-alps/praz-de-lys-sommand/,Data\Praz de Lys Sommand_2017.csv,Data\Praz de Lys Sommand_2016.csv,Data\Praz de Lys Sommand_2015.csv,Data\Praz de Lys Sommand_2014.csv,Data\Praz de Lys Sommand_2013.csv,Data\Praz de Lys Sommand_2012.csv,Data\Praz de Lys Sommand_2011.csv,Data\Praz de Lys Sommand_2010.csv,Data\Praz de Lys Sommand_2009.csv
87,Praz sur Arly,/northern-alps/praz-sur-arly/,Data\Praz sur Arly_2017.csv,Data\Praz sur Arly_2016.csv,Data\Praz sur Arly_2015.csv,Data\Praz sur Arly_2014.csv,Data\Praz sur Arly_2013.csv,Data\Praz sur Arly_2012.csv,Data\Praz sur Arly_2011.csv,Data\Praz sur Arly_2010.csv,Data\Praz sur Arly_2009.csv
88,Puy Saint Vincent,/southern-alps/puy-saint-vincent/,Data\Puy Saint Vincent_2017.csv,Data\Puy Saint Vincent_2016.csv,Data\Puy Saint Vincent_2015.csv,Data\Puy Saint Vincent_2014.csv,Data\Puy Saint Vincent_2013.csv,Data\Puy Saint Vincent_2012.csv,Data\Puy Saint Vincent_2011.csv,Data\Puy Saint Vincent_2010.csv,Data\Puy Saint Vincent_2009.csv
89,Puyvalador,/pyrenees/puyvalador/,Data\Puyvalador_2017.csv,Data\Puyvalador_2016.csv,Data\Puyvalador_2015.csv,Data\Puyvalador_2014.csv,Data\Puyvalador_2013.csv,,,,
90,Réallon,/southern-alps/reallon/,Data\Réallon_2017.csv,Data\Réallon_2016.csv,Data\Réallon_2015.csv,Data\Réallon_2014.csv,Data\Réallon_2013.csv,Data\Réallon_2012.csv,Data\Réallon_2011.csv,,Data\Réallon_2009.csv
91,Risoul,/southern-alps/risoul/,Data\Risoul_2017.csv,Data\Risoul_2016.csv,Data\Risoul_2015.csv,Data\Risoul_2014.csv,Data\Risoul_2013.csv,Data\Risoul_2012.csv,Data\Risoul_2011.csv,Data\Risoul_2010.csv,Data\Risoul_2009.csv
92,Ristolas,/southern-alps/ristolas/,Data\Ristolas_2017.csv,Data\Ristolas_2016.csv,Data\Ristolas_2015.csv,Data\Ristolas_2014.csv,Data\Ristolas_2013.csv,,Data\Ristolas_2011.csv,Data\Ristolas_2010.csv,Data\Ristolas_2009.csv
93,Romme,/northern-alps/romme-sur-cluses/,Data\Romme_2017.csv,,Data\Romme_2015.csv,Data\Romme_2014.csv,,,,,
94,Roubion - Les Buisses,/southern-alps/roubion-les-buisses/,Data\Roubion - Les Buisses_2017.csv,Data\Roubion - Les Buisses_2016.csv,Data\Roubion - Les Buisses_2015.csv,Data\Roubion - Les Buisses_2014.csv,Data\Roubion - Les Buisses_2013.csv,Data\Roubion - Les Buisses_2012.csv,,,
95,Sainte-Anne la Condamine,/southern-alps/sainte-anne-la-condamine/,Data\Sainte-Anne la Condamine_2017.csv,Data\Sainte-Anne la Condamine_2016.csv,Data\Sainte-Anne la Condamine_2015.csv,Data\Sainte-Anne la Condamine_2014.csv,Data\Sainte-Anne la Condamine_2013.csv,Data\Sainte-Anne la Condamine_2012.csv,,,
96,Sainte Foy Tarentaise,/northern-alps/sainte-foy-tarentaise/,Data\Sainte Foy Tarentaise_2017.csv,Data\Sainte Foy Tarentaise_2016.csv,Data\Sainte Foy Tarentaise_2015.csv,Data\Sainte Foy Tarentaise_2014.csv,Data\Sainte Foy Tarentaise_2013.csv,Data\Sainte Foy Tarentaise_2012.csv,Data\Sainte Foy Tarentaise_2011.csv,Data\Sainte Foy Tarentaise_2010.csv,Data\Sainte Foy Tarentaise_2009.csv
97,Saint François Longchamp,/northern-alps/saint-francois-longchamp/,Data\Saint François Longchamp_2017.csv,Data\Saint François Longchamp_2016.csv,Data\Saint François Longchamp_2015.csv,Data\Saint François Longchamp_2014.csv,Data\Saint François Longchamp_2013.csv,Data\Saint François Longchamp_2012.csv,Data\Saint François Longchamp_2011.csv,Data\Saint François Longchamp_2010.csv,Data\Saint François Longchamp_2009.csv
98,Saint Gervais Mont-Blanc,/northern-alps/saint-gervais-mont-blanc/,Data\Saint Gervais Mont-Blanc_2017.csv,Data\Saint Gervais Mont-Blanc_2016.csv,Data\Saint Gervais Mont-Blanc_2015.csv,Data\Saint Gervais Mont-Blanc_2014.csv,Data\Saint Gervais Mont-Blanc_2013.csv,Data\Saint Gervais Mont-Blanc_2012.csv,Data\Saint Gervais Mont-Blanc_2011.csv,Data\Saint Gervais Mont-Blanc_2010.csv,Data\Saint Gervais Mont-Blanc_2009.csv
99,Saint Hilaire du Touvet,/northern-alps/saint-hilaire-du-touvet/,Data\Saint Hilaire du Touvet_2017.csv,Data\Saint Hilaire du Touvet_2016.csv,Data\Saint Hilaire du Touvet_2015.csv,Data\Saint Hilaire du Touvet_2014.csv,Data\Saint Hilaire du Touvet_2013.csv,Data\Saint Hilaire du Touvet_2012.csv,Data\Saint Hilaire du Touvet_2011.csv,,
100,Saint Jean d'Arves,/northern-alps/st-jean-darves/,Data\Saint Jean d'Arves_2017.csv,Data\Saint Jean d'Arves_2016.csv,Data\Saint Jean d'Arves_2015.csv,Data\Saint Jean d'Arves_2014.csv,Data\Saint Jean d'Arves_2013.csv,Data\Saint Jean d'Arves_2012.csv,Data\Saint Jean d'Arves_2011.csv,Data\Saint Jean d'Arves_2010.csv,Data\Saint Jean d'Arves_2009.csv
101,Saint Jean d'Aulps,/northern-alps/saint-jean-daulps/,Data\Saint Jean d'Aulps_2017.csv,Data\Saint Jean d'Aulps_2016.csv,Data\Saint Jean d'Aulps_2015.csv,,Data\Saint Jean d'Aulps_2013.csv,,Data\Saint Jean d'Aulps_2011.csv,Data\Saint Jean d'Aulps_2010.csv,Data\Saint Jean d'Aulps_2009.csv
102,Saint Jean de Sixt,/northern-alps/saint-jean-de-sixt/,Data\Saint Jean de Sixt_2017.csv,Data\Saint Jean de Sixt_2016.csv,Data\Saint Jean de Sixt_2015.csv,Data\Saint Jean de Sixt_2014.csv,,,,,
103,Saint Jean Montclar,/southern-alps/saint-jean-montclar/,Data\Saint Jean Montclar_2017.csv,Data\Saint Jean Montclar_2016.csv,Data\Saint Jean Montclar_2015.csv,Data\Saint Jean Montclar_2014.csv,Data\Saint Jean Montclar_2013.csv,Data\Saint Jean Montclar_2012.csv,Data\Saint Jean Montclar_2011.csv,Data\Saint Jean Montclar_2010.csv,
104,Saint Lary Soulan,/pyrenees/saint-lary-soulan/,Data\Saint Lary Soulan_2017.csv,Data\Saint Lary Soulan_2016.csv,,Data\Saint Lary Soulan_2014.csv,Data\Saint Lary Soulan_2013.csv,Data\Saint Lary Soulan_2012.csv,Data\Saint Lary Soulan_2011.csv,Data\Saint Lary Soulan_2010.csv,Data\Saint Lary Soulan_2009.csv
105,Saint Léger les Mélèzes,/southern-alps/saint-leger-les-melezes/,Data\Saint Léger les Mélèzes_2017.csv,Data\Saint Léger les Mélèzes_2016.csv,Data\Saint Léger les Mélèzes_2015.csv,Data\Saint Léger les Mélèzes_2014.csv,Data\Saint Léger les Mélèzes_2013.csv,Data\Saint Léger les Mélèzes_2012.csv,Data\Saint Léger les Mélèzes_2011.csv,Data\Saint Léger les Mélèzes_2010.csv,Data\Saint Léger les Mélèzes_2009.csv
106,Saint Martin de Belleville,/northern-alps/saint-martin-de-belleville/,Data\Saint Martin de Belleville_2017.csv,Data\Saint Martin de Belleville_2016.csv,Data\Saint Martin de Belleville_2015.csv,Data\Saint Martin de Belleville_2014.csv,Data\Saint Martin de Belleville_2013.csv,Data\Saint Martin de Belleville_2012.csv,Data\Saint Martin de Belleville_2011.csv,Data\Saint Martin de Belleville_2010.csv,Data\Saint Martin de Belleville_2009.csv
107,Saint Maurice sur Moselle,/vosges/saint-maurice-sur-moselle/,Data\Saint Maurice sur Moselle_2017.csv,Data\Saint Maurice sur Moselle_2016.csv,Data\Saint Maurice sur Moselle_2015.csv,Data\Saint Maurice sur Moselle_2014.csv,Data\Saint Maurice sur Moselle_2013.csv,Data\Saint Maurice sur Moselle_2012.csv,Data\Saint Maurice sur Moselle_2011.csv,Data\Saint Maurice sur Moselle_2010.csv,
108,Saint Pierre de Chartreuse,/northern-alps/saint-pierre-de-chartreuse/,Data\Saint Pierre de Chartreuse_2017.csv,Data\Saint Pierre de Chartreuse_2016.csv,Data\Saint Pierre de Chartreuse_2015.csv,Data\Saint Pierre de Chartreuse_2014.csv,Data\Saint Pierre de Chartreuse_2013.csv,Data\Saint Pierre de Chartreuse_2012.csv,Data\Saint Pierre de Chartreuse_2011.csv,,
109,Saint Sorlin d'Arves,/northern-alps/st-sorlin-darves/,Data\Saint Sorlin d'Arves_2017.csv,Data\Saint Sorlin d'Arves_2016.csv,Data\Saint Sorlin d'Arves_2015.csv,Data\Saint Sorlin d'Arves_2014.csv,Data\Saint Sorlin d'Arves_2013.csv,Data\Saint Sorlin d'Arves_2012.csv,Data\Saint Sorlin d'Arves_2011.csv,Data\Saint Sorlin d'Arves_2010.csv,Data\Saint Sorlin d'Arves_2009.csv
110,Saint Véran,/southern-alps/saint-veran/,Data\Saint Véran_2017.csv,Data\Saint Véran_2016.csv,Data\Saint Véran_2015.csv,Data\Saint Véran_2014.csv,Data\Saint Véran_2013.csv,Data\Saint Véran_2012.csv,Data\Saint Véran_2011.csv,Data\Saint Véran_2010.csv,Data\Saint Véran_2009.csv
111,Samoëns,/northern-alps/samoens/,Data\Samoëns_2017.csv,Data\Samoëns_2016.csv,Data\Samoëns_2015.csv,Data\Samoëns_2014.csv,Data\Samoëns_2013.csv,Data\Samoëns_2012.csv,Data\Samoëns_2011.csv,Data\Samoëns_2010.csv,Data\Samoëns_2009.csv
112,Sauze Super Sauze,/southern-alps/sauze-supersauze/,Data\Sauze Super Sauze_2017.csv,Data\Sauze Super Sauze_2016.csv,Data\Sauze Super Sauze_2015.csv,Data\Sauze Super Sauze_2014.csv,Data\Sauze Super Sauze_2013.csv,,Data\Sauze Super Sauze_2011.csv,Data\Sauze Super Sauze_2010.csv,Data\Sauze Super Sauze_2009.csv
113,Savoie Grand Revard,/northern-alps/savoie-grand-revard/,Data\Savoie Grand Revard_2017.csv,Data\Savoie Grand Revard_2016.csv,Data\Savoie Grand Revard_2015.csv,Data\Savoie Grand Revard_2014.csv,Data\Savoie Grand Revard_2013.csv,Data\Savoie Grand Revard_2012.csv,Data\Savoie Grand Revard_2011.csv,Data\Savoie Grand Revard_2010.csv,Data\Savoie Grand Revard_2009.csv
114,Serre Chevalier,/southern-alps/serre-chevalier/,Data\Serre Chevalier_2017.csv,Data\Serre Chevalier_2016.csv,Data\Serre Chevalier_2015.csv,Data\Serre Chevalier_2014.csv,Data\Serre Chevalier_2013.csv,Data\Serre Chevalier_2012.csv,Data\Serre Chevalier_2011.csv,Data\Serre Chevalier_2010.csv,Data\Serre Chevalier_2009.csv
115,Serre Eyraud,/southern-alps/serre-eyraud/,Data\Serre Eyraud_2017.csv,Data\Serre Eyraud_2016.csv,Data\Serre Eyraud_2015.csv,Data\Serre Eyraud_2014.csv,Data\Serre Eyraud_2013.csv,Data\Serre Eyraud_2012.csv,Data\Serre Eyraud_2011.csv,Data\Serre Eyraud_2010.csv,Data\Serre Eyraud_2009.csv
116,Sixt Fer à Cheval,/northern-alps/sixt-fer-a-cheval/,Data\Sixt Fer à Cheval_2017.csv,Data\Sixt Fer à Cheval_2016.csv,Data\Sixt Fer à Cheval_2015.csv,Data\Sixt Fer à Cheval_2014.csv,Data\Sixt Fer à Cheval_2013.csv,Data\Sixt Fer à Cheval_2012.csv,Data\Sixt Fer à Cheval_2011.csv,Data\Sixt Fer à Cheval_2010.csv,Data\Sixt Fer à Cheval_2009.csv
117,St Colomban des Villards,/northern-alps/saint-colomban-villards/,Data\St Colomban des Villards_2017.csv,Data\St Colomban des Villards_2016.csv,Data\St Colomban des Villards_2015.csv,Data\St Colomban des Villards_2014.csv,Data\St Colomban des Villards_2013.csv,Data\St Colomban des Villards_2012.csv,Data\St Colomban des Villards_2011.csv,,
118,Superdevoluy _ La Joue du Loup,/southern-alps/superdevoluy-la-joue-du-loup/,Data\Superdevoluy _ La Joue du Loup_2017.csv,Data\Superdevoluy _ La Joue du Loup_2016.csv,Data\Superdevoluy _ La Joue du Loup_2015.csv,Data\Superdevoluy _ La Joue du Loup_2014.csv,Data\Superdevoluy _ La Joue du Loup_2013.csv,Data\Superdevoluy _ La Joue du Loup_2012.csv,Data\Superdevoluy _ La Joue du Loup_2011.csv,Data\Superdevoluy _ La Joue du Loup_2010.csv,Data\Superdevoluy _ La Joue du Loup_2009.csv
119,Thollon les Memises,/northern-alps/thollon-les-memises/,Data\Thollon les Memises_2017.csv,Data\Thollon les Memises_2016.csv,Data\Thollon les Memises_2015.csv,Data\Thollon les Memises_2014.csv,Data\Thollon les Memises_2013.csv,Data\Thollon les Memises_2012.csv,Data\Thollon les Memises_2011.csv,Data\Thollon les Memises_2010.csv,Data\Thollon les Memises_2009.csv
120,Tignes,/northern-alps/tignes/,Data\Tignes_2017.csv,Data\Tignes_2016.csv,Data\Tignes_2015.csv,Data\Tignes_2014.csv,Data\Tignes_2013.csv,Data\Tignes_2012.csv,Data\Tignes_2011.csv,Data\Tignes_2010.csv,Data\Tignes_2009.csv
121,Turini Camp d'Argent ,/southern-alps/turini-camp-dargent/,Data\Turini Camp d'Argent _2017.csv,Data\Turini Camp d'Argent _2016.csv,Data\Turini Camp d'Argent _2015.csv,,,,,,
122,Valberg,/southern-alps/valberg/,Data\Valberg_2017.csv,Data\Valberg_2016.csv,Data\Valberg_2015.csv,Data\Valberg_2014.csv,Data\Valberg_2013.csv,Data\Valberg_2012.csv,,Data\Valberg_2010.csv,Data\Valberg_2009.csv
123,Val Cenis,/northern-alps/val-cenis-vanoise/,Data\Val Cenis_2017.csv,Data\Val Cenis_2016.csv,Data\Val Cenis_2015.csv,Data\Val Cenis_2014.csv,Data\Val Cenis_2013.csv,Data\Val Cenis_2012.csv,Data\Val Cenis_2011.csv,Data\Val Cenis_2010.csv,Data\Val Cenis_2009.csv
124,Val d'Allos - La Foux,/southern-alps/val-dallos-la-foux/,Data\Val d'Allos - La Foux_2017.csv,Data\Val d'Allos - La Foux_2016.csv,Data\Val d'Allos - La Foux_2015.csv,Data\Val d'Allos - La Foux_2014.csv,Data\Val d'Allos - La Foux_2013.csv,Data\Val d'Allos - La Foux_2012.csv,Data\Val d'Allos - La Foux_2011.csv,Data\Val d'Allos - La Foux_2010.csv,Data\Val d'Allos - La Foux_2009.csv
125,Val d'Allos - Le Seignus,/southern-alps/val-dallos-le-seignus/,Data\Val d'Allos - Le Seignus_2017.csv,Data\Val d'Allos - Le Seignus_2016.csv,Data\Val d'Allos - Le Seignus_2015.csv,Data\Val d'Allos - Le Seignus_2014.csv,Data\Val d'Allos - Le Seignus_2013.csv,Data\Val d'Allos - Le Seignus_2012.csv,Data\Val d'Allos - Le Seignus_2011.csv,Data\Val d'Allos - Le Seignus_2010.csv,Data\Val d'Allos - Le Seignus_2009.csv
126,Val d'Azun,/pyrenees/val-dazun/,Data\Val d'Azun_2017.csv,Data\Val d'Azun_2016.csv,Data\Val d'Azun_2015.csv,Data\Val d'Azun_2014.csv,Data\Val d'Azun_2013.csv,Data\Val d'Azun_2012.csv,Data\Val d'Azun_2011.csv,Data\Val d'Azun_2010.csv,
127,Val d'Isère,/northern-alps/val-disere/,Data\Val d'Isère_2017.csv,Data\Val d'Isère_2016.csv,Data\Val d'Isère_2015.csv,Data\Val d'Isère_2014.csv,Data\Val d'Isère_2013.csv,Data\Val d'Isère_2012.csv,Data\Val d'Isère_2011.csv,Data\Val d'Isère_2010.csv,Data\Val d'Isère_2009.csv
128,Valfréjus,/northern-alps/valfrejus/,Data\Valfréjus_2017.csv,Data\Valfréjus_2016.csv,Data\Valfréjus_2015.csv,Data\Valfréjus_2014.csv,,Data\Valfréjus_2012.csv,Data\Valfréjus_2011.csv,Data\Valfréjus_2010.csv,Data\Valfréjus_2009.csv
129,Valloire,/northern-alps/valloire/,Data\Valloire_2017.csv,Data\Valloire_2016.csv,Data\Valloire_2015.csv,Data\Valloire_2014.csv,Data\Valloire_2013.csv,Data\Valloire_2012.csv,Data\Valloire_2011.csv,Data\Valloire_2010.csv,Data\Valloire_2009.csv
130,Val Louron,/pyrenees/val-louron/,Data\Val Louron_2017.csv,Data\Val Louron_2016.csv,Data\Val Louron_2015.csv,Data\Val Louron_2014.csv,Data\Val Louron_2013.csv,Data\Val Louron_2012.csv,Data\Val Louron_2011.csv,Data\Val Louron_2010.csv,Data\Val Louron_2009.csv
131,Valmeinier,/northern-alps/valmeinier/,Data\Valmeinier_2017.csv,Data\Valmeinier_2016.csv,Data\Valmeinier_2015.csv,Data\Valmeinier_2014.csv,Data\Valmeinier_2013.csv,Data\Valmeinier_2012.csv,Data\Valmeinier_2011.csv,Data\Valmeinier_2010.csv,Data\Valmeinier_2009.csv
132,Valmorel,/northern-alps/valmorel/,Data\Valmorel_2017.csv,Data\Valmorel_2016.csv,Data\Valmorel_2015.csv,Data\Valmorel_2014.csv,Data\Valmorel_2013.csv,Data\Valmorel_2012.csv,Data\Valmorel_2011.csv,Data\Valmorel_2010.csv,Data\Valmorel_2009.csv
133,Val Pelens,/southern-alps/val-pelens/,Data\Val Pelens_2017.csv,Data\Val Pelens_2016.csv,,,,,,,
134,Val Thorens,/northern-alps/val-thorens/,Data\Val Thorens_2017.csv,Data\Val Thorens_2016.csv,Data\Val Thorens_2015.csv,Data\Val Thorens_2014.csv,Data\Val Thorens_2013.csv,Data\Val Thorens_2012.csv,Data\Val Thorens_2011.csv,Data\Val Thorens_2010.csv,Data\Val Thorens_2009.csv
135,Vars,/southern-alps/vars/,Data\Vars_2017.csv,Data\Vars_2016.csv,Data\Vars_2015.csv,Data\Vars_2014.csv,Data\Vars_2013.csv,Data\Vars_2012.csv,Data\Vars_2011.csv,Data\Vars_2010.csv,Data\Vars_2009.csv
136,Vaujany,/northern-alps/vaujany/,Data\Vaujany_2017.csv,Data\Vaujany_2016.csv,Data\Vaujany_2015.csv,Data\Vaujany_2014.csv,Data\Vaujany_2013.csv,Data\Vaujany_2012.csv,Data\Vaujany_2011.csv,Data\Vaujany_2010.csv,Data\Vaujany_2009.csv
137,Ventoux - Mont Serein,/southern-alps/ventoux-mont-serein/,Data\Ventoux - Mont Serein_2017.csv,Data\Ventoux - Mont Serein_2016.csv,Data\Ventoux - Mont Serein_2015.csv,Data\Ventoux - Mont Serein_2014.csv,,,,,
138,Ventron,/vosges/ventron/,Data\Ventron_2017.csv,Data\Ventron_2016.csv,Data\Ventron_2015.csv,Data\Ventron_2014.csv,,Data\Ventron_2012.csv,Data\Ventron_2011.csv,,Data\Ventron_2009.csv
139,Villard de Lans,/northern-alps/villard-de-lans/,Data\Villard de Lans_2017.csv,Data\Villard de Lans_2016.csv,Data\Villard de Lans_2015.csv,Data\Villard de Lans_2014.csv,Data\Villard de Lans_2013.csv,Data\Villard de Lans_2012.csv,Data\Villard de Lans_2011.csv,Data\Villard de Lans_2010.csv,Data\Villard de Lans_2009.csv
140,Villard Reculas,/northern-alps/villard-reculas/,Data\Villard Reculas_2017.csv,Data\Villard Reculas_2016.csv,Data\Villard Reculas_2015.csv,Data\Villard Reculas_2014.csv,Data\Villard Reculas_2013.csv,Data\Villard Reculas_2012.csv,Data\Villard Reculas_2011.csv,,
141,Xonrupt - Le Poli,/vosges/xonrupt-le-poli/,Data\Xonrupt - Le Poli_2017.csv,Data\Xonrupt - Le Poli_2016.csv,Data\Xonrupt - Le Poli_2015.csv,,,,,,
